{"loss": [0.8376682696243127, 0.7123963152368863, 0.70838588103652, 0.7036676123738289, 0.7020183185736338, 0.7004872632523378, 0.6993477972845237, 0.6984070564309756, 0.6976560341815153, 0.6971054151654243, 0.6965650754670302, 0.6960524454712868, 0.6955698328713577, 0.6952430136501789, 0.6948894473413626, 0.6944916399816672, 0.6942166452606519, 0.6938276688257853, 0.6938991780082385, 0.693573022633791, 0.6929401052494844, 0.6924944544831911, 0.6923973140617211, 0.6922284317513306, 0.6919199521342914], "accuracy": [0.6673666666666667, 0.6733666666666667, 0.6759666666666667, 0.676, 0.6769666666666667, 0.6757666666666666, 0.6766, 0.6765, 0.6768666666666666, 0.6775, 0.6774333333333333, 0.6767, 0.6771333333333334, 0.6781, 0.6783, 0.6773333333333333, 0.6780333333333334, 0.6779666666666667, 0.6786, 0.6782666666666667, 0.6783666666666667, 0.6777333333333333, 0.6798333333333333, 0.6793, 0.6795666666666667], "validation loss": [0.7200971245765686, 0.7092370986938477, 0.7052465677261353, 0.7040088772773743, 0.7030255794525146, 0.7029274106025696, 0.7026042342185974, 0.7025915384292603, 0.7021823525428772, 0.7017476558685303, 0.7015487551689148, 0.7011808753013611, 0.7009595632553101, 0.7001889944076538, 0.7003426551818848, 0.6999830007553101, 0.6996169686317444, 0.70033198595047, 0.6992526054382324, 0.6993252038955688, 0.6987413167953491, 0.6985132694244385, 0.6978764533996582, 0.6982321739196777, 0.6980834603309631], "validation accuracy": [0.6673666666666667, 0.6733666666666667, 0.6759666666666667, 0.676, 0.6769666666666667, 0.6757666666666666, 0.6766, 0.6765, 0.6768666666666666, 0.6775, 0.6774333333333333, 0.6767, 0.6771333333333334, 0.6781, 0.6783, 0.6773333333333333, 0.6780333333333334, 0.6779666666666667, 0.6786, 0.6782666666666667, 0.6783666666666667, 0.6777333333333333, 0.6798333333333333, 0.6793, 0.6795666666666667]}