{"loss": [0.9022938864926497, 0.7511634347339471, 0.7114410363137722, 0.7067860439419746, 0.7042107917368412, 0.7022567349175612, 0.7007435453434785, 0.6998903577526411, 0.6987303222219149, 0.6980085824926694, 0.6972987602154413, 0.6967683384815851, 0.6959872089326382, 0.6956105569998423, 0.6948600448668003, 0.6942971867819627, 0.6937076474229494, 0.6931183402736981, 0.6924114386240642, 0.694432598600785, 0.6920999524494013, 0.6910275481641293, 0.6906200992564361, 0.6902116176982721, 0.6906281433999538], "accuracy": [0.5789333333333333, 0.6674, 0.6724333333333333, 0.6762, 0.6773, 0.6771, 0.6778666666666666, 0.6780333333333334, 0.6786666666666666, 0.6791666666666667, 0.6795, 0.6797666666666666, 0.6793666666666667, 0.6796, 0.6793333333333333, 0.6801, 0.6804666666666667, 0.6821666666666667, 0.6822666666666667, 0.6822333333333334, 0.6833, 0.6826333333333333, 0.6830333333333334, 0.6799333333333333, 0.6835666666666667], "validation loss": [0.8594616651535034, 0.7177810072898865, 0.7110721468925476, 0.7066739797592163, 0.704034686088562, 0.702042818069458, 0.7008779048919678, 0.6999709010124207, 0.6994995474815369, 0.6989566683769226, 0.698693573474884, 0.6985470056533813, 0.6984402537345886, 0.6978675127029419, 0.6975775361061096, 0.6972936391830444, 0.6965775489807129, 0.6959573030471802, 0.6951996088027954, 0.6967983841896057, 0.6943726539611816, 0.6953441500663757, 0.6942772269248962, 0.7015141248703003, 0.6935995817184448], "validation accuracy": [0.5789333333333333, 0.6674, 0.6724333333333333, 0.6762, 0.6773, 0.6771, 0.6778666666666666, 0.6780333333333334, 0.6786666666666666, 0.6791666666666667, 0.6795, 0.6797666666666666, 0.6793666666666667, 0.6796, 0.6793333333333333, 0.6801, 0.6804666666666667, 0.6821666666666667, 0.6822666666666667, 0.6822333333333334, 0.6833, 0.6826333333333333, 0.6830333333333334, 0.6799333333333333, 0.6835666666666667]}