{"loss": [0.9146860512594382, 0.8981061900655428, 0.8358099905153116, 0.7156007853647073, 0.7056523819764455, 0.7011380560696125, 0.6992793070773283, 0.6985642266770203, 0.6972104032834371, 0.6963621820012729, 0.6955101810395717, 0.6948809683322906, 0.6946052345136802, 0.6939830201367537, 0.6938554873069127, 0.6930226142207782, 0.692559297879537, 0.6922202731172243, 0.6919272725780805, 0.6913462385535241, 0.6909643414119879, 0.6906430679063003, 0.6901758442322413, 0.6893017299473285, 0.6885643648604552], "accuracy": [0.48696666666666666, 0.5296333333333333, 0.6708, 0.6779333333333334, 0.678, 0.6778, 0.6783, 0.6792, 0.6792666666666667, 0.6801, 0.6801666666666667, 0.6803333333333333, 0.6799666666666667, 0.6814, 0.6813333333333333, 0.6802666666666667, 0.6803333333333333, 0.6807333333333333, 0.6802333333333334, 0.6803333333333333, 0.6798, 0.6799333333333333, 0.6797333333333333, 0.6791333333333334, 0.6804], "validation loss": [0.9011867046356201, 0.8864158391952515, 0.7197958827018738, 0.709500253200531, 0.7032060027122498, 0.7012901306152344, 0.7010535597801208, 0.7011173367500305, 0.6998815536499023, 0.6995086669921875, 0.6984955072402954, 0.6979824900627136, 0.6976227164268494, 0.6971681714057922, 0.696784257888794, 0.6964778900146484, 0.696457028388977, 0.6962655186653137, 0.6960732340812683, 0.6957767009735107, 0.6957177519798279, 0.6952912211418152, 0.6949568390846252, 0.6947891116142273, 0.6939433813095093], "validation accuracy": [0.48696666666666666, 0.5296333333333333, 0.6708, 0.6779333333333334, 0.678, 0.6778, 0.6783, 0.6792, 0.6792666666666667, 0.6801, 0.6801666666666667, 0.6803333333333333, 0.6799666666666667, 0.6814, 0.6813333333333333, 0.6802666666666667, 0.6803333333333333, 0.6807333333333333, 0.6802333333333334, 0.6803333333333333, 0.6798, 0.6799333333333333, 0.6797333333333333, 0.6791333333333334, 0.6804]}