{"loss": [0.9215353305141131, 0.8618658788502216, 0.7347230233252049, 0.7075570248067379, 0.704255488763253, 0.7023368768393994, 0.7008477335174879, 0.6997314922511577, 0.6987705926100413, 0.6972496343155702, 0.6956143389145534, 0.6941523723304271, 0.6930547890563806, 0.692034571369489, 0.6911011631290118, 0.6902051741878191, 0.689280225088199, 0.688799467186133, 0.6881922552982966, 0.6879481494426727, 0.68756914883852, 0.6871103838086128, 0.68667226806283, 0.6863600033024947, 0.6861486179133256], "accuracy": [0.5321333333333333, 0.6159333333333333, 0.6737, 0.6759666666666667, 0.6783, 0.6799666666666667, 0.6799666666666667, 0.6789666666666667, 0.6793333333333333, 0.6795666666666667, 0.6814333333333333, 0.681, 0.6809, 0.6824, 0.6832333333333334, 0.6828333333333333, 0.6821, 0.6829, 0.6828333333333333, 0.6828333333333333, 0.6826666666666666, 0.6833333333333333, 0.6829333333333333, 0.6833, 0.6833], "validation loss": [0.8940335512161255, 0.8128454685211182, 0.7098529934883118, 0.7067319750785828, 0.7033374905586243, 0.7024031281471252, 0.7015849351882935, 0.7010214924812317, 0.7004500031471252, 0.6993474364280701, 0.6982908248901367, 0.6974462270736694, 0.6971818208694458, 0.6962869167327881, 0.695336639881134, 0.6946911215782166, 0.6945573091506958, 0.6941393613815308, 0.6936947107315063, 0.693594217300415, 0.6936210989952087, 0.6933581233024597, 0.6933095455169678, 0.6935274600982666, 0.6931291818618774], "validation accuracy": [0.5321333333333333, 0.6159333333333333, 0.6737, 0.6759666666666667, 0.6783, 0.6799666666666667, 0.6799666666666667, 0.6789666666666667, 0.6793333333333333, 0.6795666666666667, 0.6814333333333333, 0.681, 0.6809, 0.6824, 0.6832333333333334, 0.6828333333333333, 0.6821, 0.6829, 0.6828333333333333, 0.6828333333333333, 0.6826666666666666, 0.6833333333333333, 0.6829333333333333, 0.6833, 0.6833]}